n_biological_units,scenario,n_sim,coverage_true_target,infeasible_fraction,median_lower_feasible,median_upper_feasible,median_width_feasible,median_constrained_LS_target_abs_error,mean_fraction_assay_intervals_clipped
3,exact,100,1.0,0.0,0.0,0.25503245730341456,0.25503245730341456,0.022173373334784932,0.4975
3,hypothetical_box_0.05,100,1.0,0.0,0.0,0.26949974984082314,0.26949974984082314,0.028563946061110238,0.535
3,hypothetical_box_0.15,100,1.0,0.0,0.0,0.3063391222582197,0.3063391222582197,0.07305548530282749,0.4975
3,deliberately_misspecified,100,1.0,0.0,0.0,0.2642789316563763,0.2642789316563763,0.02027201767998632,0.5275
5,exact,100,1.0,0.0,0.0,0.19163299123810315,0.19163299123810315,0.015043080560677172,0.0025
5,hypothetical_box_0.05,100,1.0,0.0,0.0,0.1994609491057463,0.1994609491057463,0.029114412479883025,0.01
5,hypothetical_box_0.15,100,1.0,0.0,0.0,0.23931956191957268,0.23931956191957268,0.08187204081276471,0.0075
5,deliberately_misspecified,100,1.0,0.0,0.012372794397145705,0.1904952794878371,0.16888950129592523,0.022535944658357995,0.0175
8,exact,100,1.0,0.0,0.0,0.16433285728613672,0.16261183793461065,0.014488007200407653,0.0
8,hypothetical_box_0.05,100,1.0,0.0,0.0,0.17265928897643634,0.17265928897643634,0.026044548491728242,0.0
8,hypothetical_box_0.15,100,1.0,0.0,0.0,0.2032234779840097,0.2032234779840097,0.07994393639161723,0.0
8,deliberately_misspecified,100,0.98,0.0,0.03974726652219469,0.1615835235823923,0.12018017929460212,0.022945136603490075,0.0
12,exact,100,1.0,0.0,0.0,0.15206336161953088,0.14603069984728756,0.011349395902388162,0.0
12,hypothetical_box_0.05,100,1.0,0.0,0.0,0.16609036440885022,0.16609036440885022,0.02650595271951252,0.0
12,hypothetical_box_0.15,100,1.0,0.0,0.0,0.193423138332542,0.193423138332542,0.08147803112841395,0.0
12,deliberately_misspecified,100,1.0,0.0,0.05728927140693882,0.15886666599828342,0.10180038175920267,0.02496583246777357,0.0
20,exact,100,1.0,0.0,0.02166283744194486,0.1435857990961138,0.12229635742762149,0.006694197299444274,0.0
20,hypothetical_box_0.05,100,1.0,0.0,0.0,0.15456986950063223,0.15456986950063223,0.02765583003021869,0.0
20,hypothetical_box_0.15,100,1.0,0.0,0.0,0.17999110195563695,0.17999110195563695,0.08133594567251468,0.0
20,deliberately_misspecified,100,0.89,0.0,0.07365033739307725,0.146251858400986,0.07168647951200302,0.025260030899744622,0.0
30,exact,100,1.0,0.0,0.031227734833133444,0.13710444115897383,0.1065842953923739,0.00848602693681278,0.0
30,hypothetical_box_0.05,100,1.0,0.0,0.0,0.1511482298878135,0.1511482298878135,0.024350510914466786,0.0
30,hypothetical_box_0.15,100,1.0,0.0,0.0,0.17547300482505918,0.17547300482505918,0.07892855555127218,0.0
30,deliberately_misspecified,100,0.62,0.01,0.08546126932805294,0.13793671464918722,0.05270591632921835,0.025021142566872864,0.0
