treatment_visibility_shift,n_biological_units_per_arm,population_shared_S_contrast_lower,population_shared_S_contrast_upper,true_contrast,finite_sample_false_effect_fraction,median_finite_sample_contrast_width
0.0,5,-0.013601685845580525,0.013601685845580525,0.0,0.0,0.37503001510917333
0.0,8,-0.013601685845580525,0.013601685845580525,0.0,0.0,0.3167254681583831
0.0,12,-0.013601685845580525,0.013601685845580525,0.0,0.0,0.2966103234800972
0.0,30,-0.013601685845580525,0.013601685845580525,0.0,0.0,0.21128741320853234
0.05,5,-0.004982402806740227,0.01804471470761841,0.0,0.0,0.3867765587271177
0.05,8,-0.004982402806740227,0.01804471470761841,0.0,0.0,0.32690936761791245
0.05,12,-0.004982402806740227,0.01804471470761841,0.0,0.0,0.3004929778622042
0.05,30,-0.004982402806740227,0.01804471470761841,0.0,0.0,0.21618196350345387
0.1,5,,,0.0,0.0,0.3966405858953269
0.1,8,,,0.0,0.0,0.3357194514867089
0.1,12,,,0.0,0.0,0.30699129784324203
0.1,30,,,0.0,0.0,0.2201442284829837
0.15,5,,,0.0,0.0,0.39692360494507184
0.15,8,,,0.0,0.0,0.3489249925260204
0.15,12,,,0.0,0.0,0.30904179458865
0.15,30,,,0.0,0.0,0.22530841945096805
0.2,5,,,0.0,0.0,0.41795574503448024
0.2,8,,,0.0,0.0,0.35128522292823455
0.2,12,,,0.0,0.0,0.31647059244820375
0.2,30,,,0.0,0.0,0.22167454496867606
